<?xml version='1.0' encoding='utf-8'?>
<billboards>
<billboard>
<rank>1</rank> <song>Rockstar</song> <lastweek>0</lastweek> <imagesrc>null</imagesrc> <artist>DaBaby Featuring Roddy Ricch</artist>
</billboard>
<billboard>
<rank>2</rank> <song>Whats Poppin</song> <lastweek>0</lastweek> <imagesrc>null</imagesrc> <artist>Jack Harlow Featuring DaBaby, Tory Lanez &amp; Lil Wayne</artist>
</billboard>
<billboard>
<rank>3</rank> <song>Blinding Lights</song> <lastweek>0</lastweek> <imagesrc>null</imagesrc> <artist>The Weeknd</artist>
</billboard>
<billboard>
<rank>4</rank> <song>Savage</song> <lastweek>0</lastweek> <imagesrc>null</imagesrc> <artist>Megan Thee Stallion Featuring Beyonce</artist>
</billboard>
<billboard>
<rank>5</rank> <song>Roses</song> <lastweek>0</lastweek> <imagesrc>null</imagesrc> <artist>SAINt JHN</artist>
</billboard>
<billboard>
<rank>6</rank> <song>Say So</song> <lastweek>0</lastweek> <imagesrc>null</imagesrc> <artist>Doja Cat Featuring Nicki Minaj</artist>
</billboard>
<billboard>
<rank>7</rank> <song>Intentions</song> <lastweek>0</lastweek> <imagesrc>null</imagesrc> <artist>Justin Bieber Featuring Quavo</artist>
</billboard>
<billboard>
<rank>8</rank> <song>Watermelon Sugar</song> <lastweek>0</lastweek> <imagesrc>null</imagesrc> <artist>Harry Styles</artist>
</billboard>
<billboard>
<rank>9</rank> <song>Blueberry Faygo</song> <lastweek>0</lastweek> <imagesrc>null</imagesrc> <artist>Lil Mosey</artist>
</billboard>
<billboard>
<rank>10</rank> <song>We Paid</song> <lastweek>0</lastweek> <imagesrc>null</imagesrc> <artist>Lil Baby &amp; 42 Dugg</artist>
</billboard>
<billboard>
<rank>11</rank> <song>Adore You</song> <lastweek>0</lastweek> <imagesrc>null</imagesrc> <artist>Harry Styles</artist>
</billboard>
<billboard>
<rank>12</rank> <song>Rain On Me</song> <lastweek>0</lastweek> <imagesrc>null</imagesrc> <artist>Lady Gaga &amp; Ariana Grande</artist>
</billboard>
<billboard>
<rank>13</rank> <song>Circles</song> <lastweek>0</lastweek> <imagesrc>null</imagesrc> <artist>Post Malone</artist>
</billboard>
<billboard>
<rank>14</rank> <song>The Bigger Picture</song> <lastweek>0</lastweek> <imagesrc>null</imagesrc> <artist>Lil Baby</artist>
</billboard>
<billboard>
<rank>15</rank> <song>Don&apos;t Start Now</song> <lastweek>0</lastweek> <imagesrc>null</imagesrc> <artist>Dua Lipa</artist>
</billboard>
<billboard>
<rank>16</rank> <song>The Box</song> <lastweek>0</lastweek> <imagesrc>null</imagesrc> <artist>Roddy Ricch</artist>
</billboard>
<billboard>
<rank>17</rank> <song>The Bones</song> <lastweek>0</lastweek> <imagesrc>null</imagesrc> <artist>Maren Morris</artist>
</billboard>
<billboard>
<rank>18</rank> <song>Life Is Good</song> <lastweek>0</lastweek> <imagesrc>null</imagesrc> <artist>Future Featuring Drake</artist>
</billboard>
<billboard>
<rank>19</rank> <song>Falling</song> <lastweek>0</lastweek> <imagesrc>null</imagesrc> <artist>Trevor Daniel</artist>
</billboard>
<billboard>
<rank>20</rank> <song>Break My Heart</song> <lastweek>0</lastweek> <imagesrc>null</imagesrc> <artist>Dua Lipa</artist>
</billboard>
<billboard>
<rank>21</rank> <song>I Hope</song> <lastweek>0</lastweek> <imagesrc>null</imagesrc> <artist>Gabby Barrett</artist>
</billboard>
<billboard>
<rank>22</rank> <song>One Margarita</song> <lastweek>0</lastweek> <imagesrc>null</imagesrc> <artist>Luke Bryan</artist>
</billboard>
<billboard>
<rank>23</rank> <song>Sunday Best</song> <lastweek>0</lastweek> <imagesrc>null</imagesrc> <artist>Surfaces</artist>
</billboard>
<billboard>
<rank>24</rank> <song>Death Bed</song> <lastweek>0</lastweek> <imagesrc>null</imagesrc> <artist>Powfu Featuring beabadoobee</artist>
</billboard>
<billboard>
<rank>25</rank> <song>Before You Go</song> <lastweek>0</lastweek> <imagesrc>null</imagesrc> <artist>Lewis Capaldi</artist>
</billboard>
<billboard>
<rank>26</rank> <song>Toosie Slide</song> <lastweek>0</lastweek> <imagesrc>null</imagesrc> <artist>Drake</artist>
</billboard>
<billboard>
<rank>27</rank> <song>Hard To Forget</song> <lastweek>0</lastweek> <imagesrc>null</imagesrc> <artist>Sam Hunt</artist>
</billboard>
<billboard>
<rank>28</rank> <song>Girls In The Hood</song> <lastweek>0</lastweek> <imagesrc>null</imagesrc> <artist>Megan Thee Stallion</artist>
</billboard>
<billboard>
<rank>29</rank> <song>Party Girl</song> <lastweek>0</lastweek> <imagesrc>null</imagesrc> <artist>StaySolidRocky</artist>
</billboard>
<billboard>
<rank>30</rank> <song>Go Crazy</song> <lastweek>0</lastweek> <imagesrc>null</imagesrc> <artist>Chris Brown &amp; Young Thug</artist>
</billboard>
<billboard>
<rank>31</rank> <song>Savage Love (Laxed - Siren Beat)</song> <lastweek>0</lastweek> <imagesrc>null</imagesrc> <artist>Jawsh 685 x Jason Derulo</artist>
</billboard>
<billboard>
<rank>32</rank> <song>Chasin&apos; You</song> <lastweek>0</lastweek> <imagesrc>null</imagesrc> <artist>Morgan Wallen</artist>
</billboard>
<billboard>
<rank>33</rank> <song>How You Like That</song> <lastweek>0</lastweek> <imagesrc>null</imagesrc> <artist>BLACKPINK</artist>
</billboard>
<billboard>
<rank>34</rank> <song>Stuck With U</song> <lastweek>0</lastweek> <imagesrc>null</imagesrc> <artist>Ariana Grande &amp; Justin Bieber</artist>
</billboard>
<billboard>
<rank>35</rank> <song>Bluebird</song> <lastweek>0</lastweek> <imagesrc>null</imagesrc> <artist>Miranda Lambert</artist>
</billboard>
<billboard>
<rank>36</rank> <song>High Fashion</song> <lastweek>0</lastweek> <imagesrc>null</imagesrc> <artist>Roddy Ricch Featuring Mustard</artist>
</billboard>
<billboard>
<rank>37</rank> <song>Emotionally Scarred</song> <lastweek>0</lastweek> <imagesrc>null</imagesrc> <artist>Lil Baby</artist>
</billboard>
<billboard>
<rank>38</rank> <song>The Scotts</song> <lastweek>0</lastweek> <imagesrc>null</imagesrc> <artist>THE SCOTTS, Travis Scott &amp; Kid Cudi</artist>
</billboard>
<billboard>
<rank>39</rank> <song>Be Kind</song> <lastweek>0</lastweek> <imagesrc>null</imagesrc> <artist>Marshmello &amp; Halsey</artist>
</billboard>
<billboard>
<rank>40</rank> <song>Walk Em Down</song> <lastweek>0</lastweek> <imagesrc>null</imagesrc> <artist>NLE Choppa Featuring Roddy Ricch</artist>
</billboard>
<billboard>
<rank>41</rank> <song>Supalonely</song> <lastweek>0</lastweek> <imagesrc>null</imagesrc> <artist>BENEE Featuring Gus Dapperton</artist>
</billboard>
<billboard>
<rank>42</rank> <song>Memories</song> <lastweek>0</lastweek> <imagesrc>null</imagesrc> <artist>Maroon 5</artist>
</billboard>
<billboard>
<rank>43</rank> <song>Nobody But You</song> <lastweek>0</lastweek> <imagesrc>null</imagesrc> <artist>Blake Shelton Duet With Gwen Stefani</artist>
</billboard>
<billboard>
<rank>44</rank> <song>Dior</song> <lastweek>0</lastweek> <imagesrc>null</imagesrc> <artist>Pop Smoke</artist>
</billboard>
<billboard>
<rank>45</rank> <song>Die From A Broken Heart</song> <lastweek>0</lastweek> <imagesrc>null</imagesrc> <artist>Maddie &amp; Tae</artist>
</billboard>
<billboard>
<rank>46</rank> <song>Hot Girl Bummer</song> <lastweek>0</lastweek> <imagesrc>null</imagesrc> <artist>blackbear</artist>
</billboard>
<billboard>
<rank>47</rank> <song>Here And Now</song> <lastweek>0</lastweek> <imagesrc>null</imagesrc> <artist>Kenny Chesney</artist>
</billboard>
<billboard>
<rank>48</rank> <song>I Love My Country</song> <lastweek>0</lastweek> <imagesrc>null</imagesrc> <artist>Florida Georgia Line</artist>
</billboard>
<billboard>
<rank>49</rank> <song>Wash Us In The Blood</song> <lastweek>0</lastweek> <imagesrc>null</imagesrc> <artist>Kanye West Featuring Travis Scott</artist>
</billboard>
<billboard>
<rank>50</rank> <song>If The World Was Ending</song> <lastweek>0</lastweek> <imagesrc>null</imagesrc> <artist>JP Saxe Featuring Julia Michaels</artist>
</billboard>
<billboard>
<rank>51</rank> <song>Like That</song> <lastweek>0</lastweek> <imagesrc>null</imagesrc> <artist>Doja Cat Featuring Gucci Mane</artist>
</billboard>
<billboard>
<rank>52</rank> <song>Got What I Got</song> <lastweek>0</lastweek> <imagesrc>null</imagesrc> <artist>Jason Aldean</artist>
</billboard>
<billboard>
<rank>53</rank> <song>Does To Me</song> <lastweek>0</lastweek> <imagesrc>null</imagesrc> <artist>Luke Combs Featuring Eric Church</artist>
</billboard>
<billboard>
<rank>54</rank> <song>Trollz</song> <lastweek>0</lastweek> <imagesrc>null</imagesrc> <artist>6ix9ine &amp; Nicki Minaj</artist>
</billboard>
<billboard>
<rank>55</rank> <song>Gooba</song> <lastweek>0</lastweek> <imagesrc>null</imagesrc> <artist>6ix9ine</artist>
</billboard>
<billboard>
<rank>56</rank> <song>In Between</song> <lastweek>0</lastweek> <imagesrc>null</imagesrc> <artist>Scotty McCreery</artist>
</billboard>
<billboard>
<rank>57</rank> <song>Don&apos;t Rush</song> <lastweek>0</lastweek> <imagesrc>null</imagesrc> <artist>Young T &amp; Bugsey Featuring Headie One</artist>
</billboard>
<billboard>
<rank>58</rank> <song>Be A Light</song> <lastweek>0</lastweek> <imagesrc>null</imagesrc> <artist>Thomas Rhett Featuring Reba McEntire, Hillary Scott, Chris Tomlin &amp; Keith Urban</artist>
</billboard>
<billboard>
<rank>59</rank> <song>P*$$y Fairy (OTW)</song> <lastweek>0</lastweek> <imagesrc>null</imagesrc> <artist>Jhene Aiko</artist>
</billboard>
<billboard>
<rank>60</rank> <song>God Whispered Your Name</song> <lastweek>0</lastweek> <imagesrc>null</imagesrc> <artist>Keith Urban</artist>
</billboard>
<billboard>
<rank>61</rank> <song>After Party</song> <lastweek>0</lastweek> <imagesrc>null</imagesrc> <artist>Don Toliver</artist>
</billboard>
<billboard>
<rank>62</rank> <song>Chicago Freestyle</song> <lastweek>0</lastweek> <imagesrc>null</imagesrc> <artist>Drake Featuring Giveon</artist>
</billboard>
<billboard>
<rank>63</rank> <song>Done</song> <lastweek>0</lastweek> <imagesrc>null</imagesrc> <artist>Chris Janson</artist>
</billboard>
<billboard>
<rank>64</rank> <song>Mamacita</song> <lastweek>0</lastweek> <imagesrc>null</imagesrc> <artist>Black Eyed Peas, Ozuna + J.Rey Soul</artist>
</billboard>
<billboard>
<rank>65</rank> <song>One Big Country Song</song> <lastweek>0</lastweek> <imagesrc>null</imagesrc> <artist>LOCASH</artist>
</billboard>
<billboard>
<rank>66</rank> <song>Beer Can&apos;t Fix</song> <lastweek>0</lastweek> <imagesrc>null</imagesrc> <artist>Thomas Rhett Featuring Jon Pardi</artist>
</billboard>
<billboard>
<rank>67</rank> <song>After A Few</song> <lastweek>0</lastweek> <imagesrc>null</imagesrc> <artist>Travis Denning</artist>
</billboard>
<billboard>
<rank>68</rank> <song>3 Headed Goat</song> <lastweek>0</lastweek> <imagesrc>null</imagesrc> <artist>Lil Durk Featuring Lil Baby &amp; Polo G</artist>
</billboard>
<billboard>
<rank>69</rank> <song>Why We Drink</song> <lastweek>0</lastweek> <imagesrc>null</imagesrc> <artist>Justin Moore</artist>
</billboard>
<billboard>
<rank>70</rank> <song>Flex</song> <lastweek>0</lastweek> <imagesrc>null</imagesrc> <artist>Polo G Featuring Juice WRLD</artist>
</billboard>
<billboard>
<rank>71</rank> <song>Black Parade</song> <lastweek>0</lastweek> <imagesrc>null</imagesrc> <artist>Beyonce</artist>
</billboard>
<billboard>
<rank>72</rank> <song>Need It</song> <lastweek>0</lastweek> <imagesrc>null</imagesrc> <artist>Migos Featuring YoungBoy Never Broke Again</artist>
</billboard>
<billboard>
<rank>73</rank> <song>One Of Them Girls</song> <lastweek>0</lastweek> <imagesrc>null</imagesrc> <artist>Lee Brice</artist>
</billboard>
<billboard>
<rank>74</rank> <song>Yo Perreo Sola</song> <lastweek>0</lastweek> <imagesrc>null</imagesrc> <artist>Bad Bunny</artist>
</billboard>
<billboard>
<rank>75</rank> <song>Know My Rights</song> <lastweek>0</lastweek> <imagesrc>null</imagesrc> <artist>6LACK Featuring Lil Baby</artist>
</billboard>
<billboard>
<rank>76</rank> <song>Cool Again</song> <lastweek>0</lastweek> <imagesrc>null</imagesrc> <artist>Kane Brown</artist>
</billboard>
<billboard>
<rank>77</rank> <song>Past Life</song> <lastweek>0</lastweek> <imagesrc>null</imagesrc> <artist>Trevor Daniel x Selena Gomez</artist>
</billboard>
<billboard>
<rank>78</rank> <song>ily</song> <lastweek>0</lastweek> <imagesrc>null</imagesrc> <artist>surf mesa Featuring Emilee</artist>
</billboard>
<billboard>
<rank>79</rank> <song>Daisies</song> <lastweek>0</lastweek> <imagesrc>null</imagesrc> <artist>Katy Perry</artist>
</billboard>
<billboard>
<rank>80</rank> <song>Go!</song> <lastweek>0</lastweek> <imagesrc>null</imagesrc> <artist>Kid LAROI &amp; Juice WRLD</artist>
</billboard>
<billboard>
<rank>81</rank> <song>Dollaz On My Head</song> <lastweek>0</lastweek> <imagesrc>null</imagesrc> <artist>Gunna Featuring Young Thug</artist>
</billboard>
<billboard>
<rank>82</rank> <song>More Than My Hometown</song> <lastweek>0</lastweek> <imagesrc>null</imagesrc> <artist>Morgan Wallen</artist>
</billboard>
<billboard>
<rank>83</rank> <song>One Night Standards</song> <lastweek>0</lastweek> <imagesrc>null</imagesrc> <artist>Ashley McBryde</artist>
</billboard>
<billboard>
<rank>84</rank> <song>Grace</song> <lastweek>0</lastweek> <imagesrc>null</imagesrc> <artist>Lil Baby &amp; 42 Dugg</artist>
</billboard>
<billboard>
<rank>85</rank> <song>Believe It</song> <lastweek>0</lastweek> <imagesrc>null</imagesrc> <artist>PARTYNEXTDOOR &amp; Rihanna</artist>
</billboard>
<billboard>
<rank>86</rank> <song>Bang!</song> <lastweek>0</lastweek> <imagesrc>null</imagesrc> <artist>AJR</artist>
</billboard>
<billboard>
<rank>87</rank> <song>21</song> <lastweek>0</lastweek> <imagesrc>null</imagesrc> <artist>Polo G</artist>
</billboard>
<billboard>
<rank>88</rank> <song>One Beer</song> <lastweek>0</lastweek> <imagesrc>null</imagesrc> <artist>HARDY Featuring Lauren Alaina &amp; Devin Dawson</artist>
</billboard>
<billboard>
<rank>89</rank> <song>In Your Eyes</song> <lastweek>0</lastweek> <imagesrc>null</imagesrc> <artist>The Weeknd</artist>
</billboard>
<billboard>
<rank>90</rank> <song>Girl Of My Dreams</song> <lastweek>0</lastweek> <imagesrc>null</imagesrc> <artist>Rod Wave</artist>
</billboard>
<billboard>
<rank>91</rank> <song>Do It</song> <lastweek>0</lastweek> <imagesrc>null</imagesrc> <artist>Chloe X Halle</artist>
</billboard>
<billboard>
<rank>92</rank> <song>Stick That In Your Country Song</song> <lastweek>0</lastweek> <imagesrc>null</imagesrc> <artist>Eric Church</artist>
</billboard>
<billboard>
<rank>93</rank> <song>Lovin&apos; On You</song> <lastweek>0</lastweek> <imagesrc>null</imagesrc> <artist>Luke Combs</artist>
</billboard>
<billboard>
<rank>94</rank> <song>Pretty Heart</song> <lastweek>0</lastweek> <imagesrc>null</imagesrc> <artist>Parker McCollum</artist>
</billboard>
<billboard>
<rank>95</rank> <song>Righteous</song> <lastweek>0</lastweek> <imagesrc>null</imagesrc> <artist>Juice WRLD</artist>
</billboard>
<billboard>
<rank>96</rank> <song>Rags2Riches</song> <lastweek>0</lastweek> <imagesrc>null</imagesrc> <artist>Rod Wave Featuring ATR Son Son</artist>
</billboard>
<billboard>
<rank>97</rank> <song>My Truck</song> <lastweek>0</lastweek> <imagesrc>null</imagesrc> <artist>Breland</artist>
</billboard>
<billboard>
<rank>98</rank> <song>X</song> <lastweek>0</lastweek> <imagesrc>null</imagesrc> <artist>Jonas Brothers Featuring Karol G</artist>
</billboard>
<billboard>
<rank>99</rank> <song>I Called Mama</song> <lastweek>0</lastweek> <imagesrc>null</imagesrc> <artist>Tim McGraw</artist>
</billboard>
<billboard>
<rank>100</rank> <song>Shotta Flow 5</song> <lastweek>0</lastweek> <imagesrc>null</imagesrc> <artist>NLE Choppa</artist>
</billboard>
</billboards>
