<?xml version="1.0" encoding="UTF-8"?>

<configuration scan="true" scanPeriod="3 seconds">
	<conversionRule conversionWord="clr" converterClass="org.springframework.boot.logging.logback.ColorConverter" />
	<conversionRule conversionWord="wex" converterClass="org.springframework.boot.logging.logback.WhitespaceThrowableProxyConverter" />

	<property name="CONSOLE_LOG_PATTERN" value="%clr(%d{yyyy-MM-dd HH:mm:ss.SSS}){faint} %clr(%5p) %clr(${PID:- }){magenta} %clr(---){faint} %clr([%15.15t]){faint} %clr(%-40.40logger{39}){cyan} %clr(:){faint} %m%n%wex"/>
	<property name="FILE_LOG_PATTERN" value="%clr(%d{yyyy-MM-dd HH:mm:ss.SSS}){faint} %clr(%5p) %clr(${PID:- }){magenta} %clr(---){faint} %clr([%15.15t]){faint} %clr(%-40.40logger{39}){cyan} %clr(:){faint} %m%n%wex"/>

	<appender name="CONSOLE" class="ch.qos.logback.core.ConsoleAppender">
		<encoder>
			<pattern>${CONSOLE_LOG_PATTERN}</pattern>
			<charset>utf8</charset>
		</encoder>
	</appender>

	<appender name="FILE" class="ch.qos.logback.core.rolling.RollingFileAppender">
		<file>log/log.log</file>
		<rollingPolicy class="ch.qos.logback.core.rolling.TimeBasedRollingPolicy">
			<fileNamePattern>log-%d{yyyy-MM-dd}.log</fileNamePattern> <!-- 파일이름 패턴 -->
			<maxHistory>30</maxHistory> <!-- 파일 저장 기간 -->
		</rollingPolicy>
		<encoder>
			<pattern>${FILE_LOG_PATTERN}</pattern>
			<!-- 파일에 기록할 로그 포맷 -->
		</encoder>
	</appender>
	<logger name="kr.co.infopub.hrm.controller" level="INFO"/>
	<logger name="kr.co.infopub.hrm.dao" level="INFO"/>
	<logger name="kr.co.infopub.hrm.service" level="INFO"/>
	
	<logger name="org.springframework" level="INFO"/>
	
	<root level="INFO">
		<appender-ref ref="CONSOLE" />
		<appender-ref ref="FILE" />
	</root>
</configuration>